clean,distorted
يستخدم الموظفون البريد الإلكتروني بشكل يومي لإرسال التقارير والملفات إلى الإدارة المختصة.,يستخدم الموظفون البريد الالكتروني بشكل يومي لارسال التقارير والملفات الي الاداره المختصه.
تهدف الجامعة إلى توفير بيئة تعليمية مناسبة تساعد الطلاب على تطوير مهاراتهم وزيادة خبراتهم.,تهدف الجامعه الي توفير بيئه تعليميه مناسبه تساعد الطلاب علي تطوير مهاراتهم وزياده خبراتهم.
يمكن للمستخدم الوصول إلى حسابه الشخصي من خلال تطبيق الهاتف باستخدام كلمة المرور الخاصة به.,يمكن للمستخدم الوصول الي حسابه الشخصي من خلال تطبيق الهاتف باستخدام كلمه المرور الخاصه به.
تعمل المؤسسة على تحسين مستوى الخدمة من خلال استخدام التقنيات الحديثة وتحليل آراء العملاء.,تعمل المؤسسه علي تحسين مستوي الخدمه من خلال استخدام التقنيات الحديثه وتحليل اراء العملاء.
يجب على جميع الموظفين الالتزام بالتعليمات والمحافظة على سرية المعلومات الموجودة داخل النظام.,يجب علي جميع الموظفين الالتزام بالتعليمات والمحافظه علي سريه المعلومات الموجوده داخل النظام.
قام فريق التطوير بإنشاء نظام جديد يساعد الشركة على إدارة البيانات ومعالجة الطلبات بشكل أسرع.,قام فريق التطوير بانشاء نظام جديد يساعد الشركه علي اداره البيانات ومعالجه الطلبات بشكل اسرع.
أصبحت تقنيات الذكاء الاصطناعي تستخدم في العديد من المجالات مثل التعليم والطب وتحليل البيانات.,اصبحت تقنيات الذكاء الاصطناعي تستخدم في العديد من المجالات مثل التعليم والطب وتحليل البيانات.
يمكن للطلاب الاستفادة من المصادر التعليمية الموجودة على الإنترنت لتطوير مهاراتهم في البرمجة.,يمكن للطلاب الاستفاده من المصادر التعليميه الموجوده علي الانترنت لتطوير مهاراتهم في البرمجه.
تسعى الشركة إلى تقديم خدمات أفضل للعملاء من خلال تحسين الأنظمة وتطوير طرق العمل الحالية.,تسعي الشركه الي تقديم خدمات افضل للعملاء من خلال تحسين الانظمه وتطوير طرق العمل الحاليه.
تعمل الشركة حاليا على تطوير نظام جديد لمعالجة البيانات وتحسين جودة الخدمة المقدمة للعملاء في جميع الفروع.,تعمل الشركه حاليا علي تطويير نضام جديد لمعالجه البيانت وتحسين جوده الخدمه المقدمه للعملاء في جمبع الفروع.
قام الموظف بإرسال التقارير إلى المدير لكن التقارير كانت تحتوي على بعض الأخطاء التي يجب مراجعتها قبل إرسالها إلى الإدارة.,قام الموظف بارسال التقارير الي المدير لاكن التقارير كانت تحتوي علي بعض الاخطاء التي يجب مراجعتها قبل ارسالها الي الاداره.
يجب على الطلاب الالتزام بمواعيد المحاضرات والحضور في الوقت المحدد حتى يتمكنوا من الاستفادة من العملية التعليمية بشكل كامل.,يجب علي الطللب الالتزام بمواعيد المحاضرات والحضور في الوقت المحدد حتي يتمكنو من الاستفاده من العمليه التعليميه بشكل كامل.
تسعى المؤسسة إلى تحسين مستوى الخدمات المقدمة للعملاء من خلال استخدام التكنولوجيا الحديثة وتطوير الأنظمة الموجودة.,تسعي المؤسسه الي تحصين مستوي الخدمات المقدمه للعملاء من خلال استخدام التكنلوجيا الحديثه وتطوير الانظمه الموجوده.
يمكن للمستخدم تسجيل الدخول إلى النظام من خلال البريد الإلكتروني وكلمة المرور ثم تحميل الملفات وإرسالها إلى الخادم.,يمكن للمستخدم تسجبل الدخول الي النضام من خلال البريد الالكتروني وكلمه المرور ثم تحميل الملفاة وارسالها الي الخادم.
قامت الشركة بإنشاء نظام جديد يساعد الموظفين على إدارة البيانات ومعالجتها بسرعة بدلا من استخدام الطرق اليدوية القديمة.,قامت الشركه بانشاء نضام جديد يساعد الموظفين علي ادارة البيانت ومعالجتها بسرعه بدلا من استخدام الطرق اليدويه القديمه.
أصبح الذكاء الاصطناعي من أهم التكنولوجيات المستخدمة في تحليل البيانات واكتشاف الأنماط واتخاذ القرارات المناسبة.,اصبح الذكاء الاصطناعي من اهم التكنلوجيات المستخدمه في تحليل البيانت واكتشاف الانماط واتخاذ القرارات المناسبه.
يعمل فريق التطوير حاليا على تحسين النظام وإضافة مميزات جديدة تساعد المستخدمين على إنجاز مهامهم بطريقة أسرع وأكثر كفاءة.,يعمل فريق التطوير حاليا علي تحسين النضام واضافه مميزات جديده تساعد المستخدمين علي انجاز مهامهم بطريقه اسرع واكثر كفائه.
تهدف الجامعة إلى تطوير العملية التعليمية من خلال استخدام منصات إلكترونية تساعد الطلاب على الوصول إلى المحاضرات والمصادر العلمية بسهولة.,تهدف الجامعه الي تطوير العمليه التعليميه من خلال استخدام منصات الكترونيه تساعد الطلاب علي الوصول الي المحاضرات والمصادر العلميه بسهوله.
يحتاج المشروع إلى فريق متخصص يستطيع تحليل المتطلبات وتصميم النظام وبرمجته واختباره قبل استخدامه من قبل المستخدمين.,يحتاج المشروع الي فريق متخصص يستطيع تحليل المتطلبات وتصميم النضام وبرمجته واختباره قبل استخدامه من قبل المستخدمين.
هذا المشروع يهدف إلى تطوير نظام ذكي يساعد الموظفين على تحليل البيانات واستخراج المعلومات المهمة بسرعة ودقة.,هاذا المشروع يهدف الي تطوير نضام ذكي يساعد الموظفين علي تحليل البيانت واستخراج المعلومات المهمه بسرعه ودقه.
تعمل الشركة على إنشاء منصة جديدة يمكن من خلالها للمستخدمين تسجيل الدخول وتحميل الملفات وإرسالها إلى الموظفين المختصين.,تعمل الشركه علي انشاء منصه جديده يمكن من خلالها للمستخدمين تسجيل الدخول وتحميل الملفاة وارسالها الي الموظفين المختصين.
يستخدم الفريق حاليا تقنيات Machine Learning لتحليل البيانات والتنبؤ بالنتائج ومساعدة الإدارة في اتخاذ القرارات المناسبة.,يستخدم الفريق حاليا تقنيات Machine Learning لتحليل البيانت والتنبؤ بالنتائج ومساعده الاداره في اتخاذ القرارات المناسبه.
تم تدريب النموذج باستخدام GPU ثم تم اختباره على بيانات جديدة ولكن النتائج كانت تحتاج إلى مزيد من التحليل والتحسين.,تم تدريب النموذج باستخدام GPU ثم تم اختباره علي بيانات جديده ولكن النتايج كانت تحتاج الي مزيد من التحليل والتحسين.
تعمل الشركة حاليا على تطوير منصة تعتمد على تقنيات الذكاء الاصطناعي لتحليل كميات كبيرة من البيانات ومساعدة الموظفين على الوصول إلى المعلومات المطلوبة بسرعة ودقة.,تعمل الشركه حاليا علي تطوير منصه تعتمد علي تقنيات الذكاء الاصطناعي لتحليل كميات كبيره من البيانت ومساعده الموظفين علي الوصول الي المعلومات المطلوبه بسرعه ودقه.
يهدف المشروع إلى إنشاء نظام ذكي يستطيع فهم طلبات المستخدمين وتحليلها ثم البحث عن المعلومات المناسبة والرد على المستخدم بالإجابة الأكثر ارتباطا بالسؤال.,يهدف المشروع الي انشاء نضام ذكي يستطيع فهم طلبات المستخدمين وتحليلها ثم البحث عن المعلومات المناسبه والرد علي المستخدم بالاجابه الاكثر ارتباطا بالسوال.
قامت الشركة بجمع عدد كبير من المستندات والملفات التي تحتوي على معلومات مهمة ثم تم تقسيمها ومعالجتها لاستخدامها في تدريب واختبار النظام الجديد.,قامت الشركه بجمع عدد كبير من المستندات والملفات التي تحتوي علي معلومات مهمه ثم تم تقسيمها ومعالجتها لاستخدامها في تدريب واختبار النضام الجديد.
يعمل فريق الذكاء الاصطناعي بالتعاون مع فريق البرمجيات على تحسين أداء النظام وتقليل الوقت المطلوب لمعالجة طلبات المستخدمين مع المحافظة على دقة النتائج.,يعمل فريق الذكاء الاصطناعي بالتعاون مع فريق البرمجيات علي تحسين اداء النضام وتقليل الوقت المطلوب لمعالجه طلبات المستخدمين مع المحافظه علي دقه النتائج.
